gene_name,TF_Activity,TF_pvalue,baseMean,log2FoldChange,lfcSE,stat,pvalue,padj
ABL1,-0.6887399554252625,0.4909973782930913,3590.2136,-0.8385441854172704,0.14715078892437436,-5.79533930534987,6.818318723024572e-09,2.58558223766196e-08
AHR,-3.2796127796173096,0.0010418206644667017,1300.3208,-2.38993633596331,0.31366114733551637,-7.883264758066224,3.1893630099394195e-15,1.8494917666894524e-14
AHRR,-0.39557313919067383,0.6924254752125876,356.49808,0.6266221457462631,0.2523250403386037,2.644334618907496,0.008185169450178841,0.015514343968745141
APEX1,1.6245182752609253,0.10428585652864114,2185.635,-1.119218342240377,0.10717880082462937,-10.541691465311796,5.549172825552113e-26,5.385692432469181e-25
AR,-0.08973124623298645,0.9285019605604291,203.26367,2.158958830098069,0.40881799506752586,5.614835557586322,1.9674926487160983e-08,7.193277356678852e-08
ARID3A,-2.160446882247925,0.03075357688107298,2966.3923,-1.3174894898593696,0.08314723694859684,-15.917437493754068,4.796214146712341e-57,1.253246657207604e-55
ARID3B,-0.2536850571632385,0.7997422903311358,3417.4863,1.4703405949745112,0.12456722226391731,11.913321724466678,1.0087694866026245e-32,1.2415499494531175e-31
ASCL1,-0.09569824486970901,0.9237614891094856,416.87402,-4.045217862960845,0.401622000077191,-10.31746819002508,5.875197098176636e-25,5.473717612311287e-24
ASCL2,-4.511617660522461,6.481436698297123e-06,2083.6194,-2.7544818045054416,0.20062393015081567,-13.881444057545904,8.207359842980375e-44,1.4899964674560335e-42
ATF1,-0.18284276127815247,0.8549238198540938,609.4144,0.7146605803699331,0.16054712379155586,4.562952508806029,5.043922728647312e-06,1.4669216672393992e-05
ATF5,-1.956834316253662,0.050385124646738694,711.0032,-1.4386446220839724,0.05823131285859879,-24.74687126888349,3.3503072166179114e-135,3.3915759015378406e-133
ATF6,-1.703751802444458,0.08844778706189406,2635.9387,0.7028828434032607,0.1062050486828405,6.72959182780891,1.7013968482941482e-11,7.803045971504456e-11
BCL11A,-1.4852489233016968,0.13749851397875623,205.50972,1.7687006622186914,0.37943798641922977,4.989059831392805,6.067385459956673e-07,1.928192393781657e-06
BRCA1,-2.328749895095825,0.01988528516454592,118.63915,-2.2190096587489285,0.3899331640918923,-6.026135386669143,1.6792653162230114e-09,6.669069790539089e-09
CDX2,-1.2805067300796509,0.20038640490227122,707.0389,1.0865553105983976,0.2694931073433407,4.263604510546856,2.0115534978267188e-05,5.515445160139771e-05
CEBPA,-2.5643041133880615,0.010347755955381255,444.8519,-2.944803133289372,0.21261456029568704,-14.036816995440857,9.278742359027644e-45,1.7403049779152954e-43
CEBPB,-4.004110336303711,6.254542659534789e-05,921.70013,-0.9427892172946515,0.1712047921904034,-5.6425824114918814,1.6751830666913805e-08,6.15697243506719e-08
CEBPD,-2.0171828269958496,0.04369387997655804,195.20912,2.9767404620094857,0.2513150908955427,12.009305419845896,3.175004867692817e-33,3.9912108887789803e-32
CEBPG,-2.332562208175659,0.019684042331670943,1526.7921,-0.5676624639370494,0.06862805351994758,-8.33185225282725,7.958723330126586e-17,5.041734141082263e-16
CLOCK,-0.660825788974762,0.5087339990082833,1129.388,-0.8565462368549388,0.21441458730281734,-4.196733301097591,2.7079249774657997e-05,7.322367098096977e-05
CREB3L1,0.6217971444129944,0.534084535763208,475.9358,-2.017866394405851,0.2252616867284247,-9.145787233064173,5.91971161359353e-20,4.377779957687019e-19
CREM,-0.9676486253738403,0.333235190132254,2051.4666,3.4654346599700006,0.19699687731193533,17.719887656251494,2.9449989894826e-70,1.02544998982303e-68
CTBP2,3.37245512008667,0.0007468596419001788,2506.1467,0.5667134047482695,0.1460185549977623,3.9649687667436257,7.34055579813577e-05,0.00018902920473433857
CUX1,-2.390101194381714,0.016855764486386305,3273.5156,0.856014306446707,0.1360956665636069,6.419490500232403,1.3673118816116197e-10,5.864402194813473e-10
DACH1,-0.7713437676429749,0.4405151169400193,2013.3695,-0.5418473863422442,0.10720177282523277,-5.142146451659697,2.7161725100226526e-07,8.923149148550671e-07
DBP,-0.884057879447937,0.3766788706577554,358.46194,-1.8588151897082434,0.17526927820289517,-10.755893020874309,5.559290335443534e-27,5.609195516012533e-26
DDIT3,0.6601848602294922,0.509145152160436,359.04883,-0.5344077599702929,0.234533926630495,-2.4137129474789156,0.015790897451067827,0.028241448278579946
DEAF1,-0.2689456045627594,0.7879751710165493,1200.5566,-0.55291555799605,0.08878704276871507,-6.274637646620794,3.50449481502519e-10,1.4620553423164589e-09
DMAP1,-1.3354908227920532,0.1817356380648574,1582.1792,-0.5049314722694684,0.15169794950585058,-3.406428271559331,0.000658188428623953,0.001496737328168067
DMTF1,-0.14170609414577484,0.8873140281577769,1136.0597,0.7763746714663691,0.1623994247541074,4.899771407272841,9.594822352711407e-07,2.979814191051332e-06
DOT1L,-1.038412094116211,0.29909466324169803,2656.7617,-0.5458239779817801,0.12878101173950296,-4.296214282274432,1.7373964704976477e-05,4.7938343769001886e-05
E2F1,-5.202487945556641,1.9917848138275993e-07,316.42258,-3.0343307114150124,0.27619745292173237,-11.19765592426948,4.1866487523723373e-29,4.604108836601694e-28
E2F3,-3.982156753540039,6.860871914744357e-05,479.1101,1.0154146891229405,0.13593155398271606,7.588828084794813,3.22811712664515e-14,1.7585530434033417e-13
E2F7,0.2812175452709198,0.7785473538622427,73.899254,-2.5585877545921742,0.3830556106427029,-6.979320814762634,2.9661046395643406e-12,1.4275779445963636e-11
EBF1,-0.6544682383537292,0.5128200281896349,637.73,0.6706902074114724,0.203271608927606,3.4423864359137553,0.0005766059098089403,0.0013232244313675816
EGR3,-0.8182166218757629,0.41324625728603004,262.49243,2.2347199465957703,1.1641852499717888,2.8555749191433923,0.004295898624005675,0.008562668713854577
ELF3,-0.3761999309062958,0.706773486766825,453.55063,-2.842959419347566,0.29421464542977815,-9.87064881264418,5.580248575101377e-23,4.794273609338561e-22
ELF4,0.61029452085495,0.5416757968604107,609.18964,-1.7639765039478683,0.19650509241775052,-9.144843803591725,5.971609701055599e-20,4.4140244627822e-19
ELK3,-0.6873263120651245,0.4918875472042684,762.1833,4.21478430885975,0.21215884915763306,19.97575985641005,8.951140114244819e-89,4.41377831568859e-87
ELK4,-0.07222066074609756,0.9424272478898235,332.31967,-0.6773264706511882,0.21680799047621263,-3.2688719837773106,0.0010797714226492283,0.0023800123960513488
ENO1,-1.4022740125656128,0.16085374060005478,15130.656,1.0394308035935484,0.2541982757054878,4.2940300317558115,1.7545872500339446e-05,4.8395201559038035e-05
EPAS1,-3.68267560005188,0.00023159386692117462,2869.0593,0.5146914062402635,0.23020995284911738,2.385502915576055,0.017055787184679528,0.030298054957003055
ERF,-1.10724675655365,0.2682046769793323,605.9978,-0.854592937638658,0.28217727720501823,-3.253919848264592,0.0011382438996489356,0.0024984486286665176
ESR1,-1.90265691280365,0.057104095948002566,48.202118,0.9531206103741169,0.5100903620113313,2.2965231114032085,0.021645989265544858,0.03765998086878201
ESRRB,0.07272439450025558,0.9420263872468307,75.61819,0.6704946188364354,0.24467103856068717,2.9085300813743524,0.003631322392136707,0.007324939837186817
ESRRG,1.1562585830688477,0.24759347066118287,1030.4835,2.1899802029206787,0.2006829032282993,11.082785433906576,1.5206679481079305e-28,1.634664574878891e-27
ETS1,0.6316589713096619,0.5276191872493049,510.03903,1.5558183835354833,0.09489772813452667,16.4815194414651,4.981694008272791e-61,1.4075817857755614e-59
ETS2,1.3037800788879395,0.19232820673000287,5572.5156,2.39349033583275,0.0723575294875468,33.1991499037154,1.1073938621827162e-241,3.8471869493920455e-239
ETV1,0.4727279245853424,0.6364140493698899,1787.399,-1.9527072632651146,0.20767319142923235,-9.578058966439654,9.888581410480241e-22,7.976615062828547e-21
ETV4,-1.4462476968765259,0.14812823900596292,91.403755,-1.6097553141967125,0.20279878070688157,-8.098149279154411,5.580157073634366e-16,3.3728066835735437e-15
ETV5,-0.936498761177063,0.34903124214486725,758.03546,1.1655821931697101,0.1687664553258479,7.059001089370048,1.6770375826043375e-12,8.208516326509736e-12
FEV,-2.22023606300354,0.026417353472353654,8434.233,-4.612848801819149,0.277287423849156,-16.69419197107751,1.4446170215025096e-62,4.2061744363214026e-61
FOSL2,-3.1972787380218506,0.0013901317003628241,525.68506,1.1797176061205061,0.34765688725901917,3.6999466030753494,0.00021564483535649264,0.0005237284641339921
FOXA1,-1.4740530252456665,0.1404879036641652,1511.9355,-0.549462404824167,0.17701904171394717,-3.2092513402921785,0.0013308110253163795,0.0028904201950818663
FOXJ1,-1.323713779449463,0.1856179119687559,931.7321,-1.9234872067147604,0.20343086502817448,-9.630254252433845,5.95818702955434e-22,4.87563420416315e-21
FOXM1,-3.0929694175720215,0.0019852157541878765,218.18874,-2.7512464832551173,0.22913228114754589,-12.187613009349931,3.618659654844193e-34,4.71567190826499e-33
FOXO1,-0.7339907884597778,0.46296560775733575,1098.4753,-1.0235214855949486,0.19086706583249688,-5.521522466124479,3.3607483284742966e-08,1.2019747063420238e-07
FOXO4,-0.10175313800573349,0.9189539573117695,2917.2156,3.449712118688316,0.1587583768821793,21.834064099191103,1.1017587790341463e-105,7.386616094875422e-104
FOXP1,-0.184343621134758,0.8537463404294678,1148.1825,1.145029609747933,0.1143321910575896,10.122927087514165,4.371430728274678e-24,3.92606874926009e-23
GATA6,-2.645097494125366,0.008175087818376281,525.59344,-1.372023864140045,0.21094027427273887,-6.70017907802996,2.0816428008619004e-11,9.501341252306661e-11
HDAC1,0.21303711831569672,0.8313008512916952,3215.1448,-0.7612349645122232,0.10831153670463249,-7.056824122962118,1.7035100857180857e-12,8.332753654491731e-12
HDAC7,0.08120579272508621,0.935279355740644,378.3036,2.058955970381541,0.17841348503077847,11.683507884971656,1.5477368998678079e-31,1.8241099654108952e-30
HDAC9,0.749940812587738,0.45330189225825157,1461.6327,-2.126111349781038,0.2062426018715872,-10.508473110470078,7.896158241082532e-26,7.615184534585968e-25
HDGF,-0.3069789409637451,0.7588635822466827,2855.5725,-0.91760458010495,0.05196798718774972,-17.703364099753358,3.94991709943267e-70,1.3691254599076597e-68
HES6,-1.2815152406692505,0.20003218497818767,243.62938,-1.1815498730105576,0.33142826977083106,-3.8654985218243616,0.00011086252049886003,0.00027927562431535505
HEY1,0.7516358494758606,0.4522816481204075,91.51132,-1.4391719833055956,0.4581925688557032,-3.5565588962150407,0.00037574427236893075,0.0008845875477331704
HIPK2,0.7128438949584961,0.4759532390992032,12964.304,-0.8740185996344404,0.2773346121191666,-3.5196185418951687,0.00043216786397751265,0.0010098009735188412
HLF,-2.98030161857605,0.0028841764012305965,453.94662,1.1150120543700084,0.18237870061155073,6.273820110298991,3.5229551927234107e-10,1.468955075722042e-09
HMGA2,0.881110668182373,0.37827177431893577,3154.2842,4.843613498070273,0.1801191672977323,27.04658107764105,4.1900456947383135e-161,6.218353251433967e-159
HNF4A,-4.63641357421875,3.5743935705561087e-06,1341.1948,-1.8442102535278753,0.09969697055599798,-18.581621022460016,4.526243608470342e-77,1.8112083717036034e-75
HNF4G,-2.385183811187744,0.017082697607369263,702.99506,-0.5924123175006186,0.13326546260396976,-4.535198081405639,5.754944861490672e-06,1.667363289475861e-05
HOXA1,0.5227866768836975,0.601130287522635,56.636204,-1.4367824109854188,0.31069274865810825,-4.9162953042992905,8.819732562837218e-07,2.75420698581266e-06
HTATIP2,0.913795530796051,0.36083870518461025,1444.0768,1.4134376432648454,0.07948933481311211,17.854137175244027,2.6839646066122315e-71,9.608216153787955e-70
ID2,-1.749659776687622,0.08019709995657064,447.40686,-1.4076374958674378,0.35003507897523967,-4.342432285091847,1.40913924176882e-05,3.9256610989025295e-05
ID3,-1.856432318687439,0.06341118486789686,57.593693,-1.428592112794962,0.4784762195512424,-3.4164677317066188,0.0006343918168092373,0.0014462808816921703
ID4,-0.7393224835395813,0.4597225503246045,589.30817,-0.7692602943179012,0.19051935045300605,-4.174120344955862,2.9913960794351414e-05,8.051854282487334e-05
IRF6,-2.3715932369232178,0.017723891587868235,1355.3368,-0.8351582906259573,0.058098902437138264,-14.420729264129074,3.8327128392225713e-47,7.658411563445259e-46
IRF7,-0.7360477447509766,0.4617129343166899,335.41086,-1.4525107971880895,0.233532098246311,-6.4452044929708014,1.1544465345944175e-10,4.983583656540601e-10
IRF9,-1.2759157419204712,0.2020046889754288,101.26771,-0.7330475458516853,0.2862959203891425,-2.766666971885343,0.005663257527158131,0.011018270347769102
IRX1,-3.939326524734497,8.207357889051991e-05,182.69762,-2.634034101829156,0.2919910159556501,-9.257201911490696,2.0985952253288936e-20,1.5825913475272553e-19
ISL1,-2.2134134769439697,0.026883859922599597,2622.444,-2.332601756939546,0.4315083310437492,-5.795630835897916,6.806483968335758e-09,2.5817348372203572e-08
JDP2,-1.1097519397735596,0.2671233885381843,64.3133,2.2769296212194505,0.3447571255905131,6.859782562880167,6.896543829877842e-12,3.247706992714501e-11
JUN,-1.8774380683898926,0.06047710086725556,3320.8123,-1.1113871611014474,0.22654700306157155,-5.094761218296084,3.491810753272887e-07,1.1356557271176457e-06
JUND,-0.21097785234451294,0.8329073654261182,4388.279,-1.046390811284575,0.17923138331632701,-5.982288011962919,2.2002477102108645e-09,8.6817208307391e-09
KCNIP3,-1.2572304010391235,0.20868942243433902,162.0947,-3.596332109910749,0.44776959756865653,-8.325761323383453,8.378847513637401e-17,5.301285724067107e-16
KLF11,-1.5915335416793823,0.11151022706665821,309.5471,-1.2389916693234244,0.3104273141269264,-4.270414466303408,1.9511003893395846e-05,5.3573775016067704e-05
KLF12,2.2268564701080322,0.025971375037008214,1223.6532,0.9454845466739112,0.2777163646641165,3.6276512238644347,0.00028601126011946966,0.0006849393893445423
KLF13,0.3777390420436859,0.7056297051694329,3464.7656,-0.7421033110276563,0.15974994353678593,-4.818599086322468,1.4456972357358296e-06,4.4348641271237995e-06
KLF15,-1.69049870967865,0.09095296903646181,69.55881,2.594392906078733,0.3364464925008871,7.940294777798023,2.017013185052812e-15,1.1835724969949053e-14
KLF2,-1.026687502861023,0.30458387850106927,29.576653,0.7652121036604937,0.3873375997822463,2.2673371740577104,0.023369636217783003,0.0403921595686376
KLF5,-1.2761892080307007,0.2019080284459318,398.24307,-0.6565872921704469,0.19701352648881842,-3.4589990466732723,0.0005421868236976099,0.0012493017466146613
KLF6,0.49374327063560486,0.6214945944611686,1084.3884,-0.9462680561781491,0.28899859404559763,-3.509006737106096,0.00044978351129791935,0.0010485573819887138
KLF9,-2.0861074924468994,0.03698542087005301,533.5914,-1.3427958097211534,0.17698106344049683,-7.741111462191109,9.855145213093952e-15,5.5629892809214974e-14
KMT2A,-3.1060450077056885,0.0018995478774285672,1468.4149,-0.7575205606521445,0.3614180072894922,-2.372593067736767,0.01766371249573907,0.03127620864240327
KMT2B,-0.9207873344421387,0.3571759970474593,1969.9381,-0.7397529825120795,0.11205472850720455,-6.68335824138654,2.3352775494398293e-11,1.0633617104777251e-10
LITAF,0.22663210332393646,0.8207128567211659,96.1509,1.8381232306981614,0.38860419464037504,5.0660811262194105,4.0608890521250014e-07,1.3118079047080045e-06
LMO2,-1.6619645357131958,0.09654038604286748,924.50446,-3.08519219875508,0.13147238960323737,-23.58173496322042,5.93460485816237e-123,4.984415926476373e-121
LMO4,1.1612502336502075,0.24555828110161873,579.9213,0.7077044525721432,0.17563587606087555,4.1629950809189,3.141001369553674e-05,8.43105441916044e-05
MAF,-0.7474610209465027,0.4547968186944744,415.78726,-1.3267888996035229,0.13970987398256288,-9.626841729229039,6.159348706270138e-22,5.037549723062886e-21
MAFA,2.216599941253662,0.026665101747215897,9075.004,4.429692388246413,0.11672704380479418,38.02472983404886,0.0,0.0
MAFB,1.1296309232711792,0.25864949750207566,7783.529,-3.658313606378439,0.4181618811406924,-9.047438415605962,1.4636138863798803e-19,1.0603223633745427e-18
MBD1,-0.986579179763794,0.32386459352876984,3229.8926,0.8690005020881776,0.07083237115045109,12.3222495708309,6.874935213138869e-35,9.22653728428804e-34
MBD2,-2.7009856700897217,0.0069210490755530546,984.2368,0.5409547220313676,0.1685975786315734,3.316273641201556,0.0009122645614202884,0.0020313002310080887
MECOM,0.877447247505188,0.38025754727835603,1880.6735,3.6460269802219085,0.19307294935438254,18.99935000519644,1.7266958427641323e-80,7.372701858238136e-79
MEF2C,-0.3550320863723755,0.722570450801159,97.80067,-1.4532809004181737,0.25442583328771956,-5.936191500993925,2.9171904330873842e-09,1.1407565351796817e-08
MEIS2,-1.6654082536697388,0.09585182176539227,899.13763,2.41521518541113,0.22213473064955397,11.044013672028898,2.3432682088392474e-28,2.4943731086571546e-27
MITF,-0.8095661401748657,0.41820217407092286,505.2811,3.5935290512804814,0.21099623241381282,17.15528196837126,5.739083367845301e-66,1.8050952337630305e-64
MLXIP,-1.2639178037643433,0.2062788005730307,2525.8115,0.5698775457590692,0.21805968414585078,2.759281778809158,0.005792856176610697,0.011251837522853372
MLXIPL,-1.6268746852874756,0.10378432298359735,2850.681,-2.7166752160229497,0.2132548255956697,-12.892054142844739,4.989682429825765e-38,7.5293470505742e-37
MNX1,-1.6832462549209595,0.09234784610358782,4212.86,-1.9813528381960621,0.21111277070829995,-9.633159076985475,5.792085485349773e-22,4.747336124882393e-21
MSC,-0.6757776737213135,0.4991920328815719,120.25452,-2.875663777518806,0.30572752732575453,-9.623928541508437,6.3363826553555125e-22,5.1740355379147626e-21
MTA3,2.5555787086486816,0.010610726435987651,1458.2212,0.7080840519710351,0.048395833715946655,14.6662264171433,1.0608292552814958e-48,2.2183086178157244e-47
MXI1,-0.4753388464450836,0.6345522655162956,801.26904,1.2793467039295052,0.5439436164965251,2.842979338362478,0.004469396771679959,0.00887723480404104
MYBL2,-1.7467639446258545,0.08069837312374023,136.17253,-2.639328104641652,0.4371261482891437,-6.381370127240019,1.755105327549556e-10,7.471049857121279e-10
MYC,-1.6447011232376099,0.10005201932789053,101.825096,-1.359393820442028,0.2196666137804236,-6.374667006251406,1.833609099968604e-10,7.783545876734264e-10
MYCN,-2.175837993621826,0.029582638214244752,581.40686,-3.2671022759205615,0.1109538794425194,-29.470961113285103,6.784451595790224e-191,1.5030018419311504e-188
MYRF,0.10673616081476212,0.9149996946890642,2314.9905,-1.2918541200678615,0.25528906135468743,-5.293746297239134,1.198356563303178e-07,4.0761189200383575e-07
NCOA1,-2.682204484939575,0.007321733407272549,1634.4017,0.5842793433262166,0.21389093391408773,2.8653718716492316,0.004165197921574442,0.00832059793899463
NEUROD1,-1.1304374933242798,0.25830965601147804,6708.683,-2.081626679577216,0.13584180905380733,-15.59621719483698,7.723713401846276e-55,1.9166344652698404e-53
NFATC3,-0.5090186595916748,0.6107464905138025,529.25555,-0.599236106753474,0.18022789126962774,-3.439934823137498,0.0005818542899600283,0.0013336669180280393
NFIC,-1.307132363319397,0.19118741965226943,448.88815,-1.2843819251546287,0.3215585844687228,-4.290219497532879,1.7849660972390178e-05,4.920647747952322e-05
NFIL3,-1.0919084548950195,0.27489054689058035,672.5269,1.9952028733666602,0.26833668851750087,7.655851890834374,1.9203494512802466e-14,1.0654977028047132e-13
NFKB1,-1.7981425523757935,0.0721741402724757,641.9069,-0.8854208869113345,0.15376631672933783,-5.899953609673995,3.636037915811726e-09,1.4123453218754733e-08
NFKB2,-0.4649364948272705,0.6419835560586735,782.5286,1.6538918744139015,0.19256642090131895,8.73434688921529,2.4506796250111154e-18,1.666418538608537e-17
NKRF,-2.0143139362335205,0.04399406240056235,307.15573,-0.6032089920930714,0.15956710456647427,-3.8832570225919856,0.00010306652052791854,0.00026084020410426537
NKX2-2,-2.6021571159362793,0.009272874305680901,2295.638,-1.2775724450675294,0.13928368500727067,-9.29126883630358,1.5245984213125028e-20,1.1583007687963676e-19
NKX3-1,-0.016323110088706017,0.9869768338013754,198.63972,3.0186838301459673,0.2574762533043674,11.889940534028447,1.335016020555166e-32,1.6364919719491795e-31
NONO,1.031237006187439,0.30244600325727733,13813.978,0.8400748065691998,0.07458310792782194,11.398176673165793,4.269675981743339e-30,4.798990224774168e-29
NOTCH1,0.6463475823402405,0.5180639807437895,131.80806,-1.446031718634509,0.23806220793348526,-6.28578105923913,3.262094093715095e-10,1.363905096185146e-09
NR0B1,0.6506820321083069,0.5152615422541074,1620.1133,1.5932170605175657,0.11899254353725013,13.494872855317888,1.6764412145991317e-41,2.7945562057101777e-40
NR0B2,-2.3193862438201904,0.02038721135545343,56.763134,-2.27703691328812,0.31490581292913583,-7.478645280579175,7.509265711069509e-14,3.989803116420178e-13
NR1H2,0.5339163541793823,0.5934071690540785,579.8826,1.4374690719923882,0.13986249669096373,10.396832761826802,2.563113198003955e-25,2.4214924811303124e-24
NR1I3,-3.476865768432617,0.0005087208840765794,27.304476,-1.15713142630272,0.28784859699338283,-4.249186456503028,2.1454828295575518e-05,5.866878449484211e-05
NR2F2,-0.28728246688842773,0.7738999398576591,290.0912,-1.0397511810449525,0.3587613538780153,-3.2154088899492086,0.0013025883659249107,0.002833148230154836
NR2F6,-2.6625237464904785,0.007763827282635737,2446.1326,-0.7746681628806753,0.064585066540144,-12.046084639695923,2.0338345050451023e-33,2.5714800863622363e-32
NR3C1,-2.9590203762054443,0.003090916139347911,4913.0264,-1.3437880461553222,0.14646550102415148,-9.403753014555333,5.265079348030975e-21,4.093692925432425e-20
NR3C2,-1.5075980424880981,0.1316780956569205,231.6604,-0.8832450770798244,0.3245577467893164,-2.990073459297697,0.0027891036276790383,0.0057481782462858
NR5A2,-1.9701528549194336,0.04883887294235451,219.20122,4.0404696159925955,0.3320623514914407,12.336389559049723,5.768508432320304e-35,7.789524725834642e-34
NR6A1,-0.09815124422311783,0.9218134835869375,461.97458,0.5559899899469954,0.07017584814605338,7.966600748634084,1.630985259432424e-15,9.614824788154274e-15
NRG1,-0.8455802202224731,0.39780019656177434,174.27618,-0.998195339772087,0.1597957422072467,-6.3839565238525395,1.7257010332734056e-10,7.35202508211184e-10
NRL,0.7719635963439941,0.44014792046366946,80.009254,1.3245659086365444,0.24534126849674054,5.611488570554982,2.0059353940348808e-08,7.326816829920476e-08
NSD2,-2.0863888263702393,0.03695994615736096,5253.3706,1.4613124429165623,0.08643607771654091,17.02025601759371,5.811596937736881e-65,1.78385684317763e-63
PATZ1,0.7239454984664917,0.4691102723243187,1917.1967,0.5921530713991399,0.04048256446176478,14.651842732043805,1.3111100506840906e-48,2.7304670619559955e-47
PAWR,0.1675373613834381,0.8669494686382332,1741.0303,0.9439781848671044,0.16696055283270092,5.802699707359745,6.525559920431746e-09,2.480102161703622e-08
PAX4,0.45829471945762634,0.6467472311172564,1519.3444,-4.465587378576542,0.49594145506355697,-9.266437853401525,1.9246638792561244e-20,1.453577670865075e-19
PBRM1,-0.9258910417556763,0.3545172214589256,2456.0989,0.5578110891487376,0.16647190744298077,3.4647082465700283,0.0005308069947245432,0.0012252968470793364
PDX1,-0.9019728899002075,0.36708547793197877,11670.395,1.919275093032006,0.1429994681133162,13.602497715097781,3.8698805337284e-42,6.580088302399591e-41
PGR,0.7183404564857483,0.4725583677641306,1226.5306,4.385628216141092,0.46776234674138295,9.620094341115111,6.577081275885037e-22,5.364848686402277e-21
PKNOX1,-0.243861585855484,0.8073412931682608,720.83514,0.8756512915286363,0.13971632473550805,6.376985088775038,1.8060803776807303e-10,7.679483909103656e-10
PLAGL2,-0.9566451907157898,0.3387614971844304,2922.553,0.8252343570929551,0.23232166464131396,3.7307626376736507,0.00019090101805512225,0.0004664502816481136
POU3F2,-0.5534039735794067,0.579994910765802,102.17343,1.8606227906382422,0.3426759037360603,5.725056264477989,1.0339946664139656e-08,3.85597523074015e-08
PPARA,-1.8586924076080322,0.06308995238295764,2472.4944,-1.2279652223976774,0.23768471419304907,-5.379502054351801,7.469214252352145e-08,2.5843007936046825e-07
PPARGC1A,-0.08491877466440201,0.932327077551246,643.8359,4.832154907136652,0.47729593812959037,10.345095904413768,4.4047505423879315e-25,4.130737226438155e-24
PRDM2,1.5382537841796875,0.12400726917309948,1582.6823,0.8157415593677834,0.16293337028623284,5.139318715310481,2.757363664551159e-07,9.052633371204685e-07
PROX1,0.19960343837738037,0.841793392953263,2822.1592,0.5071926352598423,0.22947889682502062,2.3474429273807442,0.018902768842199467,0.03327357491039395
PURA,0.09888551384210587,0.9212304671896906,825.3799,-0.7623463973150072,0.17342567607304082,-4.5213357857467695,6.145062087832615e-06,1.774672568951622e-05
RARA,-1.317717432975769,0.1876180008566773,366.61624,-1.0557435695421065,0.1332836719400243,-8.02804904973913,9.903488796927466e-16,5.911156960165297e-15
RARG,-1.951941728591919,0.05096335312281841,98.63619,-0.8816456849853009,0.4117230476827936,-2.4802126398111204,0.013130405278093397,0.023832742588963323
RB1,1.5144540071487427,0.12993140213991336,1957.6738,0.5761526677181831,0.11685730678073544,5.000276089970854,5.724827734441484e-07,1.824259260968783e-06
RBPJ,0.48057836294174194,0.630823072710655,1473.1694,0.6546288830712426,0.2695963574683606,2.604124604239565,0.009210926279445683,0.01725679851790743
RCOR2,-1.2713290452957153,0.20363095384201124,795.9566,-1.8416953961148017,0.15422838804813,-12.068364076171463,1.551886900593911e-33,1.9702776713022028e-32
RELA,-2.9252378940582275,0.0034469883182105484,1234.8165,0.6024884346225714,0.17251718068416802,3.6102308532860876,0.0003059246029504534,0.0007298834837990684
RELB,-1.704889178276062,0.08823541066031818,213.9237,2.2838936863302095,0.29650208842449494,7.928496378540927,2.2181512630037273e-15,1.2976142444039409e-14
REST,1.877947211265564,0.060407404784365744,165.924,3.189924944298238,0.4481531291070119,7.404865721210487,1.3128324106056668e-13,6.896204889525163e-13
RFX1,-2.1184194087982178,0.034155649052881584,695.1071,-0.6234777827061226,0.12955647510805113,-4.907217810183925,9.237742678284218e-07,2.8759294211864063e-06
RXRA,-0.6027805209159851,0.5466636473218851,2357.8896,-0.9049505433798681,0.1346266794846853,-6.83030493564146,8.473432421281522e-12,3.963782448325447e-11
SALL2,-2.0676984786987305,0.038685168228185615,1468.7948,-0.9392402377359408,0.13936942122794455,-6.85206468168223,7.279162728075385e-12,3.4205128023781225e-11
SATB1,-0.5471817851066589,0.5842618353515604,1336.6693,1.3382715796295406,0.12845411415489374,10.524589792598984,6.655068708948878e-26,6.4426459965163115e-25
SATB2,-2.4006543159484863,0.016377662271877133,216.26659,1.481605579543194,0.23828659276488823,6.433151107030498,1.2498528473659e-10,5.374191455649831e-10
SCX,-2.342824697494507,0.01915112475167579,96.72457,-1.4255253589626187,0.2620658928062061,-5.682034639054246,1.3310169391596564e-08,4.9192274980644364e-08
SIRT1,0.8068580627441406,0.41976081361314355,988.70465,-1.1534931033026317,0.09250170150294645,-12.557083736391721,3.634845700107201e-36,5.135143380022058e-35
SMAD3,0.43618008494377136,0.6627122346069265,668.7438,0.8331642216509646,0.36866154854658884,2.5691964381141155,0.010193465633539218,0.018902986251884083
SMAD4,-1.839840292930603,0.0658110615329568,2169.0427,0.6300036043570398,0.05279779606921665,11.960276212492056,5.7370769645255016e-33,7.158935386100964e-32
SNAI2,-1.0709091424942017,0.284227189546536,32.87924,1.7883903469727835,0.37979072058610713,5.017877047993908,5.224559443106363e-07,1.669369056173158e-06
SOX11,-0.9703750014305115,0.3318749553555178,2129.3052,0.7508619631351265,0.1775923161021329,4.373940580644306,1.220236052751131e-05,3.420599358583126e-05
SOX2,0.2046145498752594,0.8378760104299303,1464.3363,4.025477925642587,0.3289732048325247,12.399495602994849,2.629737018286626e-35,3.595542044859514e-34
SOX5,-0.5991681218147278,0.5490696562424269,563.0041,-2.1444637357099214,0.14391874988426392,-15.017049538909285,5.677934541130126e-51,1.2615248167981847e-49
SREBF1,-2.3610198497772217,0.01823723001281437,3761.625,-1.1309363301764006,0.13658842201446972,-8.400596037251354,4.442180724897905e-17,2.8494827763654797e-16
SRF,2.2376463413238525,0.025258472620111577,1618.6152,0.5317562681860715,0.14075922090355797,3.8779132469686535,0.00010535627045299337,0.0002662823991640967
SRSF2,-0.7061353921890259,0.4801147036207213,2178.0564,0.9991516112473733,0.16890351880162993,6.059410383935945,1.3662141855184916e-09,5.45985621956488e-09
SRY,-2.906494379043579,0.003660282229659112,55.040638,-1.0082930359670093,0.312000840937007,-3.497220738939696,0.0004701326475271316,0.0010923313041647262
STAT1,-1.1337096691131592,0.2569341286234902,4945.2983,-1.4334091430939178,0.11990583537974843,-12.148334999116935,5.85457430671922e-34,7.564921627431109e-33
STAT3,-1.7979058027267456,0.07221165806322793,6051.9067,1.138815549143772,0.16786967707097716,6.95978549680808,3.40791225900883e-12,1.6345574769754934e-11
STAT4,2.0942394733428955,0.03625507516557701,181.55193,1.74280733350054,0.22216229763383805,8.038816521799179,9.071028421252832e-16,5.426995712221949e-15
STAT6,-0.7414528727531433,0.45843028475633285,558.9168,-1.708217353879372,0.12401223291577387,-13.898341068190925,6.482650341080328e-44,1.183916285707932e-42
STOX1,-0.49241194128990173,0.6224352299725577,234.74486,0.6287200001624372,0.29307235757297284,2.3376789541881315,0.019403908729652433,0.03405374843185615
TBX2,1.6653978824615479,0.09585388954877933,3044.4197,2.159445555287002,0.2140187883911059,10.332979254127036,4.998356187159175e-25,4.6759408003008045e-24
TBX3,1.4410074949264526,0.1496030445090201,326.30936,-1.6028472954662736,0.17504675125087013,-9.320409932014622,1.15891667735207e-20,8.835511386535531e-20
TCF4,-2.6379406452178955,0.008349563670182112,276.39917,0.9899647605932915,0.13614045394171273,7.382875720544919,1.5490661320760342e-13,8.106478909590639e-13
TCF7L2,0.3032733201980591,0.7616857031308522,434.13205,2.0483595090635447,0.186008191873866,11.167648419827378,5.871476775700202e-29,6.419985264188361e-28
TEAD1,-1.670634150505066,0.09481443070245485,4123.812,0.8094433867975228,0.26620150506278667,3.0949725060694253,0.0019683114178535815,0.004157469715809016
TFAP2A,-3.288835287094116,0.0010083016031862684,104.93336,-2.230511203905506,0.46031654550553003,-5.2441783026005115,1.5698033793809275e-07,5.273849331256452e-07
TFAP4,-0.6587398648262024,0.5100727490318389,76.5315,-1.337778179935418,0.3979126238121855,-3.7129317314135117,0.00020487216405820952,0.0004995495134461303
TFDP1,-0.8113871216773987,0.41715602352531067,2192.2488,-0.799444509729564,0.09066623778250552,-8.891785104727166,6.013490771555969e-19,4.2301988004604025e-18
TFDP2,-2.3000128269195557,0.021460896461418365,1516.484,-1.2559964320985162,0.09337172748150328,-13.545870785443302,8.381405186901079e-42,1.4078918646919769e-40
TGFB1I1,-0.0938037857413292,0.9252662535307123,428.69296,3.3530294414113784,0.19638099969639455,17.187180087501066,3.3125698413904144e-66,1.0483632007348628e-64
TGIF1,1.8003675937652588,0.07182231677238761,105.070366,2.7113987556575916,0.35805553422378594,7.81718400383378,5.401811489911004e-15,3.092587656733318e-14
THAP11,0.06034591794013977,0.9518809200692251,932.65894,-0.7565925424434523,0.05479666444816266,-13.846019009341097,1.344603089817713e-43,2.41508594186672e-42
THRB,-3.1093664169311523,0.0018783344976493876,46.36674,-2.1514907370691576,0.36368336089009917,-6.19685678165753,5.760186928302779e-10,2.365034042063827e-09
TRPS1,-0.6540381908416748,0.5130970381186241,834.8889,-1.5117181074554762,0.20891917628379736,-7.429150660000277,1.0929720057843029e-13,5.769050442133582e-13
TSC22D1,-0.9671692848205566,0.3334747126134987,4713.8945,-0.9738416475519833,0.05047508415416407,-19.32686029849869,3.1926507264742595e-83,1.4481560535574342e-81
USF2,-1.401900291442871,0.16096532451067844,3302.055,-0.8701108515704836,0.09171752065910589,-9.562507219992439,1.1493787014120397e-21,9.242189810512592e-21
VDR,-1.3925843238830566,0.16376577712424367,243.10338,4.316069109271762,0.32711312686593536,13.349033389690899,1.1999585660298391e-40,1.972318993584099e-39
VEZF1,0.20989201962947845,0.8337547476429574,2146.2522,0.8039885450652399,0.1333885887245258,6.153122177590028,7.597223178889197e-10,3.089416161545631e-09
WWTR1,-0.2604944407939911,0.7944859110592185,400.68668,3.960791395420485,0.28446369987482395,14.071573647377425,5.679144611430051e-45,1.078154275386744e-43
XBP1,-1.0944186449050903,0.2737886514821474,8925.455,-0.8346197550572454,0.12769970438640965,-6.64758762535951,2.979356209798464e-11,1.3410612197579304e-10
YAP1,0.7742175459861755,0.43881412572812273,79.42238,1.1838247147319458,0.41313484874847084,3.234358907010258,0.001219161422560767,0.0026638223992658497
YBX3,1.8006656169891357,0.07177530022958052,647.40546,1.0331616173647415,0.22159210543202304,4.851467774606723,1.2255112437383378e-06,3.7806589044973223e-06
ZBTB16,-1.2768553495407104,0.20167271228004013,109.67593,-2.0418894112973875,0.1664900172411364,-12.372114878089254,3.699504547890197e-35,5.031194530164551e-34
ZBTB17,0.9471411108970642,0.343581847530963,2637.485,2.706744078601999,0.12951443313553346,21.030639243591217,3.439842020659908e-98,2.006924623198754e-96
ZBTB18,1.4259546995162964,0.15390183535498025,679.96826,0.9360395109799674,0.11686244905614905,8.106082719163297,5.227786085664415e-16,3.166083126207062e-15
ZBTB4,0.7089791893959045,0.47834820148389945,2246.7378,-0.5588163075006025,0.19557508752470357,-2.9934302168298093,0.0027586058561406245,0.005687624644856432
ZBTB7A,-0.3874817192554474,0.6984050097360721,1203.9762,-0.5827241451147734,0.11830034180611444,-5.007635878813646,5.510265024643907e-07,1.7588204461621791e-06
ZFP42,-1.6824647188186646,0.0924991803454857,196.11546,-3.410816175672888,0.3560039716559043,-9.842881441200326,7.357289987621059e-23,6.265377980544597e-22
ZFPM1,0.08439254760742188,0.9327454372338091,1235.1943,-1.8372093710975526,0.1587115628708397,-11.717111692834159,1.0416305223226867e-31,1.235249353314553e-30
ZMYND8,0.5505786538124084,0.581930589366381,979.2839,-0.7918529395843955,0.10815516925475731,-7.400814298550305,1.3535190447763088e-13,7.107486127945948e-13
ZNF143,-1.478835940361023,0.13920476919036273,348.94568,-0.5029919882799896,0.11033398295462618,-4.618033853448467,3.8739306414865755e-06,1.1403216596526824e-05
ZNF202,0.2591843605041504,0.7954964868555626,162.7366,-0.866021046000971,0.23119790329407525,-3.929262735874947,8.520670207926954e-05,0.00021798655196380155
ZNF236,0.5189207196235657,0.6038235390538829,391.08334,-0.7617556074753379,0.27683051681037835,-2.9594788100886467,0.003081598937249211,0.00631100232513283
